Dia,P5,P50,P95
1,-0.014348333063419528,0.0006427467107803508,0.015694036769566575
2,-0.020060998796071944,0.0012806724649797596,0.023153992414286756
3,-0.023861183668516,0.0019452720476537122,0.029134719558151438
4,-0.027130397216971035,0.002496885943803262,0.033436114030731205
5,-0.029893841236447036,0.0032868232548836085,0.03696405105257952
6,-0.032097797073408506,0.003914839812730886,0.04124360118160196
7,-0.03401131631379709,0.004456487959759392,0.0443497877120019
8,-0.03637334739407104,0.0051644362382460285,0.048360162653249904
9,-0.0395257664077746,0.0053779443203216815,0.051433224067457456
10,-0.04094807031582462,0.006239435135728222,0.054298127245518586
11,-0.04259389533770849,0.00710579386004484,0.05757168664463156
12,-0.04396410537683338,0.007937014509959095,0.060686846123370254
13,-0.046105112878649365,0.007937777177574601,0.06408756989272363
14,-0.046996914498205325,0.008178650049267988,0.06591736224083544
15,-0.04788428648792374,0.009091987407270352,0.06870460134970433
16,-0.04890130519037108,0.009313744626743725,0.07215099372249491
17,-0.051104834485967386,0.009837604908519704,0.07502033719067422
18,-0.051880741957260654,0.010465447455373367,0.07686572428516313
19,-0.05307805313525925,0.010976954165486719,0.07942988918017356
20,-0.05389981766004544,0.012112159954898671,0.08172264507037938
21,-0.05527179396914071,0.011969269377503311,0.08409233062763356
22,-0.056551582026130094,0.012651459116688857,0.0870195270447189
23,-0.05745158243366498,0.013113991736598107,0.08921584041906706
24,-0.0581028477314389,0.013848192993481279,0.09114447165177937
25,-0.058365385526021225,0.01446927600302017,0.09370168856723333
26,-0.059551166334876025,0.015313670508435129,0.09571864284642109
27,-0.06044084428627936,0.015834911919086814,0.09773587470487229
28,-0.06144509320801742,0.016574132227830884,0.09878096148053497
29,-0.0621272938799942,0.017419046377904812,0.10207047438198565
30,-0.06270959226065251,0.0180791010677126,0.105188579760699
31,-0.06321063290353852,0.018522766814690228,0.10690307611907704
32,-0.0639368472145467,0.019282580837945762,0.10928438672019723
33,-0.06477333915680962,0.019321784720339075,0.11147794726729006
34,-0.06520491716144956,0.020225162569209143,0.11345529286969297
35,-0.06638881950183605,0.020328587543951948,0.11609146282717976
36,-0.06727704261119685,0.02144169186168854,0.11789684188423752
37,-0.06749103924890064,0.021797654480305906,0.11970600079851831
38,-0.06831061893463118,0.022349333367289836,0.12054212182647306
39,-0.06838392871713049,0.022882753133954492,0.12318555762005763
40,-0.06829754849466357,0.023446615391119474,0.12593985591031273
41,-0.06922906980425257,0.024329853241960353,0.12770858469657517
42,-0.06938954668155968,0.024576346433872298,0.13006816757490586
43,-0.06923697654894563,0.02539863844109569,0.1317887248027401
44,-0.07035920404669956,0.026074128318333778,0.13369927316518482
45,-0.0697766524937229,0.0267112080157752,0.13634485875695576
46,-0.0713336613660274,0.027569190327932702,0.13764986664883483
47,-0.07174944644613344,0.027853159557853724,0.14065305702339043
48,-0.07278917707919251,0.028793691951516487,0.14234324894771797
49,-0.0735024718288174,0.02874284721306486,0.14497635368961737
50,-0.07317967695843472,0.029816789746168748,0.1467765219004488
51,-0.07296110422226922,0.03062579659142084,0.1489128871084037
52,-0.07302501735228958,0.031453526763176254,0.14933028545577934
53,-0.07436898806726411,0.03218570329011705,0.1515253925298213
54,-0.07414094830925627,0.03267606636564391,0.15380794545986812
55,-0.07449548828150199,0.033555622749879555,0.15537345168247707
56,-0.07601679527310085,0.03440282994048338,0.15686022729311622
57,-0.07649761920539107,0.03476432282663622,0.15884556252085683
58,-0.07658176728459068,0.03520200202692658,0.15998088883362008
59,-0.07661239772279944,0.03604109184372928,0.1616156064453653
60,-0.07728806433667983,0.03696983953196076,0.1628726153643293
61,-0.07808624459870601,0.03766419117848685,0.16568101850840336
62,-0.0787890966998332,0.038077669008097725,0.16808891404223553
63,-0.07848447554839476,0.038994883367694966,0.16964154455564748
64,-0.07712000443845062,0.04009176462917674,0.17103921362516192
65,-0.07818501199479759,0.04039657386349638,0.17213498367852834
66,-0.0790314587872719,0.04148707388940176,0.17462576072048983
67,-0.07995374781044906,0.04216393647022343,0.17732786758151817
68,-0.08067347346681203,0.042761758615794676,0.1785575798666111
69,-0.08044864609073811,0.043293169790442176,0.18079959342222787
70,-0.08069471922433832,0.04330018978162198,0.18210654993306097
71,-0.08153391026878509,0.04380068610297172,0.1833871819695544
72,-0.0812733870278613,0.045342618717115535,0.18611036243448126
73,-0.08097944359106164,0.04592503341135323,0.1869451539757905
74,-0.08222550924442294,0.04583209994253856,0.18926328587139019
75,-0.08284424947535642,0.04609527048527162,0.1918532853967622
76,-0.08320299934233048,0.04706718740746618,0.19325807236590656
77,-0.08386790691664879,0.047862328227545325,0.19517111418229133
78,-0.0817956422998963,0.04807612726716348,0.1970395160521344
79,-0.08269698264756663,0.04892200848404482,0.19922642613805375
80,-0.08313848179738688,0.04887076632680576,0.19948441902067784
81,-0.08353765519044376,0.04926057495714775,0.20235973614118233
82,-0.08339202310079448,0.05073086954399508,0.204065579354958
83,-0.08341917106935873,0.05121755047155352,0.20653943604362118
84,-0.08236283408516004,0.0514633234933376,0.20644416114527916
85,-0.084170637507933,0.05143364851673837,0.2089435147531745
86,-0.08322195749308031,0.0529128233327566,0.20901857466376333
87,-0.08450931901083203,0.05358112092667189,0.21207351778264416
88,-0.08544457906559241,0.05357093428206017,0.2145259625230646
89,-0.08468855219872677,0.054980415398957594,0.21638666506390034
90,-0.08504275355842092,0.055378616313501605,0.21732858275296746
91,-0.08508220800299289,0.0559213159371017,0.21961974168115347
92,-0.08492055698988218,0.056686888576685135,0.22132460335016757
93,-0.08413297338461487,0.05714510543888518,0.22426985016687698
94,-0.08388537067896237,0.05844079237330568,0.22547023869054414
95,-0.08444636401132039,0.058903694962692876,0.22711394902816615
96,-0.08423621322065718,0.059753407023058425,0.22881638652729316
97,-0.08420454684901779,0.05951677394513144,0.2294169772190568
98,-0.08379919873079728,0.060365966371578095,0.23301360671063986
99,-0.08459559528845192,0.0612075381740349,0.23376568021283636
100,-0.08412824549712816,0.0613971895203157,0.23522200512906427
101,-0.08413266673618587,0.06190276648439241,0.23557910854292044
102,-0.08428616108389694,0.06298838377824856,0.23848220224129846
103,-0.08437135082253881,0.06401545541669207,0.2398103163763333
104,-0.08321627952532705,0.06425029324866505,0.24170914950654476
105,-0.08381227460923475,0.06484889074333622,0.24181859203053377
106,-0.08239340533608756,0.06562824410936707,0.24383705898068964
107,-0.08250238223516092,0.06686058525544036,0.24412074066574357
108,-0.0829057255127415,0.06765852789737781,0.2459174696106086
109,-0.08320956607794412,0.06814089296151193,0.24780672164738213
110,-0.08322711906599727,0.06831277985050155,0.25020681728179117
111,-0.08384277502379507,0.06842692839584286,0.250853749244644
112,-0.08476353377459678,0.06944736757558401,0.2521456306666037
113,-0.08433151262000814,0.06983036644092155,0.253426983144339
114,-0.08411808903847748,0.07024154962786655,0.2556281898879446
115,-0.08399803869217848,0.07075805871112606,0.2570156941565924
116,-0.08367872959598363,0.07226119691851429,0.25885164741794076
117,-0.08485850871852178,0.07246127583607531,0.26142733729199463
118,-0.0842376554096096,0.07306571529229788,0.2629354044839238
119,-0.0857370126032746,0.07402546573203561,0.26340660271994476
120,-0.0863066854339429,0.07450827533101212,0.266070042226777
121,-0.08578556384336976,0.0750148846776586,0.2686409723975667
122,-0.08551849512984562,0.07557885964748035,0.2693121891027552
123,-0.08527785272688586,0.07583606503263107,0.27258857221347205
124,-0.08642609956691785,0.07632154464051433,0.27386676229913715
125,-0.08544870623829835,0.07717038107580998,0.27551314366205715
126,-0.08502288378094625,0.07805321930265974,0.2779954544749406
127,-0.08482114449859186,0.07902949033007567,0.28027827628445273
128,-0.0845308006857477,0.08030030655539089,0.28271545897052647
129,-0.08486356802284385,0.08209925362448012,0.2841979299413799
130,-0.08399753652190858,0.08234151933174716,0.284747504722497
131,-0.0855743241626131,0.08308019438741099,0.2886077065443773
132,-0.08520666185933504,0.08394331188914816,0.2911155803905792
133,-0.08423728759510898,0.08408384424856818,0.29105369195873987
134,-0.08560295870615657,0.0849364192486336,0.29165433296681276
135,-0.08502700456004661,0.08612753334236312,0.29319811007480057
136,-0.08518601193972815,0.08692528015967982,0.2961343193000114
137,-0.0862561837681808,0.08719322716341738,0.29812501559274546
138,-0.08662596784522536,0.0876884002047077,0.2980837512686435
139,-0.08604908188775878,0.08839909377250643,0.2996526083299196
140,-0.0858407188397611,0.0884796788679797,0.3013531120011767
141,-0.08698134624393841,0.08925525424694958,0.302033668095702
142,-0.08728499226481747,0.08979598604610639,0.3057056978516189
143,-0.08624795426014895,0.09091154260973267,0.3068563150617696
144,-0.08700375351632278,0.09151925422617979,0.3080956046801042
145,-0.08698913945062489,0.09249067590269278,0.30896471311985896
146,-0.08717928556162041,0.09243807033602214,0.3097532855682429
147,-0.08761026703971853,0.09359295931287859,0.3109726919525477
148,-0.08708479246880058,0.09456884199405302,0.31297871906436986
149,-0.0873247507165826,0.09546940096714518,0.3147827729713092
150,-0.08622788280538907,0.09544138802082047,0.31589360144453654
151,-0.08478618918278333,0.09680630711008031,0.317205217568311
152,-0.08523580112149623,0.09718800820915663,0.31837509481086784
153,-0.08540832800282118,0.09699714323297615,0.320633719948206
154,-0.08481027269635977,0.09800740688584941,0.32201175300190543
155,-0.0861907086889715,0.09991786241219136,0.32292916687618806
156,-0.08597567775834042,0.09971836689994829,0.3252346716902619
157,-0.08619844235872501,0.10025214451553233,0.32756977258293224
158,-0.08407725730156942,0.10129941808356202,0.3287517686565198
159,-0.08468433197761092,0.10244088865508472,0.3294643519203585
160,-0.08448231808107542,0.10202200806622741,0.3315606847481583
161,-0.08453596554946381,0.10186613364587482,0.33380272125481164
162,-0.08402112655692978,0.10288952201822055,0.3360930490160015
163,-0.08548296528824563,0.10321139917982258,0.3369462753491878
164,-0.08549766779687326,0.10417876628390355,0.3385445953064359
165,-0.0850656027302218,0.10500839566161646,0.3400655347617261
166,-0.08555215066248349,0.10606375735972162,0.33980869713483286
167,-0.08521514404648066,0.10780132620510341,0.34060398020593613
168,-0.08510172796942272,0.1075261226748464,0.34081721347224964
169,-0.08520622481037785,0.10782689268437573,0.3418132255064073
170,-0.0856619886511862,0.10844208472002748,0.34397636682077815
171,-0.08571665614083446,0.10907322741518843,0.34616324251904296
172,-0.08548965820383575,0.10973536668369188,0.3475396427985564
173,-0.08513388341492857,0.11094800948197658,0.35106448657370387
174,-0.08504670225238925,0.11137476674675995,0.3521979072540379
175,-0.08558754355676167,0.11193374754853425,0.3547599450246297
176,-0.08470990086501295,0.11192723841166041,0.3565965687646197
177,-0.0853702741881861,0.11304046280646762,0.3584850897708048
178,-0.08528761251402227,0.11360400862524045,0.3593729928124262
179,-0.08505776247816961,0.11394843187505632,0.36158715719767015
180,-0.08437525594192385,0.11486348968589544,0.3636720992050984
181,-0.08472578860491599,0.11607666903165748,0.3659449717971997
182,-0.08615992827124572,0.11726562856022105,0.36669400784504297
183,-0.08528039243700314,0.11777857806684344,0.36963796071552113
184,-0.0853007592413402,0.11870903882642903,0.3679494524273549
185,-0.08464641887538683,0.11910968940473887,0.3705805321518062
186,-0.08552609615732794,0.11952214499274627,0.3701326689840813
187,-0.08486800221779006,0.11995715753774183,0.3742873756284905
188,-0.08510256585318836,0.12036377484456584,0.374543829767081
189,-0.08456787742366968,0.1220486037844205,0.37623192544591494
190,-0.08496427663510438,0.12332366368326197,0.3795251455815603
191,-0.08404669449243661,0.12359374104823984,0.3800937272895923
192,-0.08434525924259519,0.12408182964463543,0.3819177436678842
193,-0.08395467926354012,0.1253653630925864,0.38328003186821974
194,-0.08501186259737022,0.12606423702457492,0.38434804275472745
195,-0.08499058512838054,0.12645336460432266,0.385676314274872
196,-0.08623087765310591,0.12655695848508508,0.38718486456053125
197,-0.0849163558159495,0.12815805760852972,0.39036536950882317
198,-0.08538273306290918,0.12839399377573457,0.39269206752282726
199,-0.08425014168324076,0.129305302105033,0.3939436441004838
200,-0.08550709577483803,0.12914086897305255,0.39664614796942965
201,-0.08526718127936682,0.13080394408198215,0.39783460798689746
202,-0.08569108077598207,0.131417952596794,0.39851318021072063
203,-0.08342277958435775,0.13217714095178934,0.40157780239598384
204,-0.0828878228104777,0.1333156190631184,0.40317028575720304
205,-0.08411057039256653,0.13355694987345212,0.4062783474250712
206,-0.08352956876194767,0.1332719207378822,0.4075366103256329
207,-0.08421077806760158,0.13468178679500387,0.40981398458106183
208,-0.08374339548000705,0.1346595669343279,0.4120754985217197
209,-0.08468752590759074,0.1349123089846621,0.41376043427608106
210,-0.08416931629804823,0.13621700105978451,0.4125621087128128
211,-0.08506910355286516,0.13689133628665517,0.41395585536167756
212,-0.08469264988516338,0.1373274111599183,0.413880449728387
213,-0.08301168984480387,0.13829620909121432,0.4179464939357653
214,-0.08313459550703271,0.13891503509507208,0.4203628306365368
215,-0.08299454142324493,0.1400487234221739,0.4196747806798355
216,-0.08214553593986583,0.13998890785677431,0.42103451954850807
217,-0.08226961952578946,0.141143054946827,0.4232627817539752
218,-0.0824890633760248,0.1423887192514911,0.42483229172018394
219,-0.08107545905847181,0.14227877760532526,0.4274528938412803
220,-0.08233374999219462,0.14433743434122803,0.4280248589908307
221,-0.08163120546948043,0.14480133295806574,0.42965582754587833
222,-0.08046958577617552,0.14573412054912094,0.4296620393799378
223,-0.08092353379717925,0.14549123366717287,0.4324631208636657
224,-0.08039296757404804,0.1466158053100718,0.4321457615597974
225,-0.07961277622192736,0.14737133458983864,0.43513013464834027
226,-0.08062015944094908,0.14772914939238957,0.43658356368730095
227,-0.07989588702249885,0.1488256281011784,0.4385622540478425
228,-0.0805497704163955,0.1486239656026067,0.43901927475931074
229,-0.07998818435237469,0.14959387299026417,0.4410073490883645
230,-0.0803024412373893,0.1493311120525489,0.4398161834988742
231,-0.07926574926253707,0.1495417282044984,0.44162092358900124
232,-0.07922972702660472,0.15086889427879469,0.44431041086227313
233,-0.07863116739186861,0.1522049195833084,0.4474729132432027
234,-0.07799964436294009,0.15298606838738404,0.4493523253210419
235,-0.07784695547283298,0.15390256423986737,0.44995806351835443
236,-0.0782748465579937,0.1554898585271849,0.45119104243022007
237,-0.0776591525219763,0.15540863214678102,0.4522792151174172
238,-0.07912019223512927,0.15597691994850094,0.45448476141936583
239,-0.07858038530748901,0.1571664413410534,0.4561150740157913
240,-0.07896682074758292,0.15763412623420758,0.45715051195806344
241,-0.07894411404855345,0.15866048288489865,0.4591315307954315
242,-0.07894799847852203,0.15902994205529752,0.4614634519976103
243,-0.07928973637467912,0.15974486359146667,0.46055554468513765
244,-0.07936936202650027,0.1600111714584611,0.4655649987996174
245,-0.07876501629271133,0.16085640618086972,0.4670335213186446
246,-0.07864180699111958,0.16164982220006685,0.466222264991211
247,-0.07838209042421507,0.16168339672586507,0.46695033060098184
248,-0.07832700089748008,0.1638365377043507,0.46856772211546693
249,-0.07763085664443624,0.16367322295339126,0.4698119097248453
250,-0.07980413305827841,0.1646122014651411,0.4731215521860781
251,-0.07979286189126669,0.16548359723964812,0.47540770352844064
252,-0.07939937080814478,0.16600065725256408,0.4759933936787336
